Wallet Address,Title,Index,Nah,IsTest
0x055b2499cbc35adf1e192ed1b426a0870f5ea8e1,Llamao GTD,1,,
0xd18b7a58f0cde47de346699b600f364cf7f56498,Llamao GTD,1,,
0x52a4ad657c25eae2214f42c58401bbb39393caf1,Llamao GTD,1,,
0x758c7b676c3658e6f4acd746a76a7744596a3e25,Llamao GTD,1,,
0xa967631fbed7fdd15bca7f707e7928533fe65f5c,Llamao GTD,1,,
0x17811ef0aa78a0250442a69c7010b1b692a2aaec,Llamao GTD,1,,
0xb5b1f29b2907fb8501d4dba6175d165a75f57d3a,Llamao GTD,1,,
0x6b5a0b8d9876cee0e94e88d491ac34f1d7dff258,Llamao GTD,1,,
0xc1cadee9fd3a64c1ea0118d9510418f7e1bf9f6d,Llamao GTD,1,,
0xd024addf49f91978ca44371ff1d9bf3a350a8aca,Llamao GTD,1,,
0x550d569bfc60e5caafd7679e613c3365dec1d9b9,Llamao GTD,1,,
0xe563d99c7d3ac376d0df46404541fa792004ffa6,Llamao GTD,1,,
0x4a4679712f7faba15225a87bbc8818b469850d9f,Llamao GTD,1,,
0xb051f745e03cdfefdf190acf74b5d2ce5569028e,Llamao GTD,1,,
0xa082ddafb4f251a86419f7462789ac83647f4aa8,Llamao GTD,1,,
0x5d335772493a35ca4b48ea9c8a39db01e2ae18fe,Llamao GTD,1,,
0x9cd93d8d387a6fd8a2d5705c1cfe3de36bb9f9df,Llamao GTD,1,,
0xd69f7e88528f44064d3ae8a526051c998f34a141,Llamao GTD,1,,
0x35d092558c65ca5569cb3ea2fd32bf02d0e893d1,Llamao GTD,1,,
0x766858e674704e3c4ecac1ca74d33f62f09faaec,Llamao GTD,1,,
0x5e799ffb381a1583a9c9b7e15e1e31553ac99bc1,Llamao GTD,1,,
0x961998160e9d5a66bc9fd13c109d7a77a5c093b3,Llamao GTD,1,,
0x5a2efa2ee29d675f4bd6f079d82064c5b8397864,Llamao GTD,1,,
0xfad10105a3eff34dbe1ad57b8b40f2d0a24ea2a7,Llamao GTD,1,,
0xe9f0ab7eb9a5a3402bd225a0c6ceba1d52b09d9b,Llamao GTD,1,,
0x1e6f76e6636229cd5212777cd2d0255cf52c9250,Llamao GTD,1,,
0x7df480ad8391066cd7dca25f3710db45467071ea,Llamao GTD,1,,
0x2e33c2e27ef73b5583cde11f8c444829427cb658,Llamao GTD,1,,
0xb291247e65c80e5711b5724938e719d08ceb4d95,Llamao GTD,1,,
0xa45210278ea0dffbd9ae51525f325d980509919a,Llamao GTD,1,,
0x4c09a248df2db5e2b9e80a2fbe0126b634f5568e,Llamao GTD,1,,
0x3d08e2a8f66f4a20d1695334fd6fbb94d652fbea,Llamao GTD,1,,
0x41758d4836661e85b1cca5c0b947ac87e34b63a9,Llamao GTD,1,,
0x0d6960114d65485d31392bc6f499fd750d9cd519,Llamao GTD,1,,
0x4e7c42ae32189e2f83060b920982db511ce39d49,Llamao GTD,1,,
0x4b0cebca7a51385a0b0c9cf3539d72f3df69bfb2,Llamao GTD,1,,
0xe6ce77f192ad638634e3c0ad388bede9a0febb02,Llamao GTD,1,,
0x4d56bcb1d134b3fff7070443dd439680a54fa68d,Llamao GTD,1,,
0x48f9f74c431b7aae2faeade0390d73288597920c,Llamao GTD,1,,
0xc0e794702ad90f84d7a729ebbf758f648033eba6,Llamao GTD,1,,
0xbe8247890720c8890d717f27a631e00881a6773c,Llamao GTD,1,,
0xed2e81af9b43e531613e0e6451dcf3a29fd70050,Llamao GTD,1,,
0x547ec7e2c1473dde193c8e580e537badc7e4508f,Llamao GTD,1,,
0x1de645f8cf550762509a7101785b054d14fb8899,Llamao GTD,1,,
0x335cc3ba2b96bb4c53cd52abd373d102ea87c8b9,Llamao GTD,1,,
0x95aa07de1f2e9da9e33146c5b3205e3683f39922,Llamao GTD,1,,
0x39a2382809cde4f4a79096c8960747517fcf3c92,Llamao GTD,1,,
0x5241559bf243bfd82762aa6aed236babc3ea51a3,Llamao GTD,1,,
0x240afcd8654cbb0e2b7a2fc9d1f042a3df5db613,Llamao GTD,1,,
0xe97e543d2c47579bef0f0330b61f1ca19de357bd,Llamao GTD,1,,
0xc07806e0b052592721eba3072a96e035f72e1d19,Llamao GTD,1,,
0x353aab777c167e48b775a9e08e0b38845594f445,Llamao GTD,1,,
0x197caadc3b42d16ecbd694d180201e71d56545bd,Llamao GTD,1,,
0x1136d0f2e1dfd434a17d87f26d4896cf4fa69d8a,Llamao GTD,1,,
0xd11a10575e9fb30b730a556eba52e66ce2c2b5bb,Llamao GTD,1,,
0x09b2eb37d9afa4e358af814069df339f6f5d4430,Llamao GTD,1,,
0xf1dc0767f69dc103fa5acb01e24990d963d3efb3,Llamao GTD,1,,
0x2b21d54ba8604ccf1ab7b4e366e1dff9b9a4d314,Llamao GTD,1,,
0xc9b809a8152b792c18655e697432a102b42fe25b,Llamao GTD,1,,
0xa86c14cef2e641bbfcf0b4ac9a191b360237f170,Llamao GTD,1,,
0x7e8066245392dc7a3f4960f4180637d2cf413b6b,Llamao GTD,1,,
0x4f729cbb952d9d29f16cbd011d1e4b22c17bd74a,Llamao GTD,1,,
0x5ef28251688a3261fa721f91c035f89fc8c1b739,Llamao GTD,1,,
0x37c62ec7b1a39b43c2b085ce45e81322aa62cc15,Llamao GTD,1,,
0xae1742c46821d00fa2fb2b3cb958047f7bec6618,Llamao GTD,1,,
0x293dbb54c0fcbc5c5baa3580f1cc3df0dfb31051,Llamao GTD,1,,
0x697d475bd8b985943d2257ae822f8aecffd2abe9,Llamao GTD,1,,
0xece030927c62671ba7831efff20f51adeae7aad9,Llamao GTD,1,,
0x6baf40c474ad422bd35a1d52c0d617a5397d0e39,Llamao GTD,1,,
0x6b9ec5924753a44709ad6ec0560282e0f70b6a63,Llamao GTD,1,,
0x15d5ae14d0d3c3cd815f35f142e1d3c80194f979,Llamao GTD,1,,
0xa0fbc715543aaf72590d5e5d88b1f61dcd425f5b,Llamao GTD,1,,
0xd183b101644dfe48084ed9e420ec2d854e59d523,Llamao GTD,1,,
0x9c7a5d45049d9d710fddacf0e3472f561460d5e9,Llamao GTD,1,,
0x348721ee542ffcb2a2085d55a6d925a11ec9aa5e,Llamao GTD,1,,
0x1611f286bafae4e8606228548bfef9b39c2ac6f0,Llamao GTD,1,,
0x558d57d7b410c9547993eb11d9bb0dbaffa01291,Llamao GTD,1,,
0x8bd5bf686b76818189ed7766ca4f33eacc0f49b1,Llamao GTD,1,,
0x5217c824f58b2bb263b85bd2ba92fce0a1725091,Llamao GTD,1,,
0xf9c9befa6b699a8d3188eaa78c20cbc4dbb94351,Llamao GTD,1,,
0x2d8f2bc8c8c57dee1522a21e94466c802a671f9a,Llamao GTD,1,,
0xe8878af83e041e5eb6986d7baac682e52fee51a2,Llamao GTD,1,,
0x34c19f6d7567035d16560c014399d0c1a768d1e9,Llamao GTD,1,,
0x7222e1425c4544d23405ba8e4bbd33fbf846f6bb,Llamao GTD,1,,
0x776c8d236788715a3740ab5aafb501275e15da82,Llamao GTD,1,,
0x3f1f2bc7c5721eca7c5ad991f7e07f52796ef0ad,Llamao GTD,1,,
0xc5c520ec3287c5f4ca5375402e801a9c1de22025,Llamao GTD,1,,
0x338c1505ad2169d97634e7c868c3925215987e96,Llamao GTD,1,,
0x6c3f05d64b71532c616b583dd28c521245fa8ab5,Llamao GTD,1,,
0x741c095b6ed548073346440e671e059c11fa1ddb,Llamao GTD,1,,
0xfd21eae29d472770abf826f1cf9929662e74c1bb,Llamao GTD,1,,
0xe3f2845d2c924931c7786f4fe9209657b57c10ee,Llamao GTD,1,,
0x282f25a39193b9d58955b17e16418c0b769a7cf5,Llamao GTD,1,,
0xb3fc8d7991eb4996dbe344a42e422ee921856b6a,Llamao GTD,1,,
0x0b9ef8fbfc5d011729036baf37aedde07b159ce8,Llamao GTD,1,,
0x78546b3bc3a8ec87cde3b2a88398cc0ca23d6e55,Llamao GTD,1,,
0x7165e752c6868f38f157cafc680df7d6ebaef365,Llamao GTD,1,,
0x241df84bf413509967d8f1c98588907ef40bfb7d,Llamao GTD,1,,
0x5f8d5f5d1edc1e6747cae20d645160b5231e8ec0,Llamao GTD,1,,
0xedec95c94cacc0442a8d6049c10e02ac7aa06889,Llamao GTD,1,,
0x4edbcc5c953ef2c9f2246cce36463370c9b6fab2,Llamao GTD,1,,
0x6e26f9fce32af19ccc499d74ee093b303739aab5,Llamao GTD,1,,
0x84c20921d0fccdf0593e350dc37c1c80c61e0bdf,Llamao GTD,1,,
0xfa7d6f3a378d34074ac36fe81d2a196c847168bc,Llamao GTD,1,,
0x1756818168f740cc055335abaa768ca41c6b522d,Llamao GTD,1,,
0xec9b2c978d79c90e8b3cde67226c65af40635e47,Llamao GTD,1,,
0x49c8074361fb0ddd71ab3f44c99d7faf75fa9d98,Llamao GTD,1,,
0x365f43ad2c61a981a1021ec2ea2a77dcf19198ff,Llamao GTD,1,,
0x502c4acc412a9e06a00dc6a4095d366a9eade4c6,Llamao GTD,1,,
0xbaa9ea762a589b917960d17cdf452a5c6f1e1492,Llamao GTD,1,,
0x8957e9cb0832718fadba3d512f7fa4ee54493840,Llamao GTD,1,,
0x9df37dd817218f43c111cc2a089638759ea044f6,Llamao GTD,1,,
0x685c0905fce7a5269aecff646105ecaa4f45b634,Llamao GTD,1,,
0x5b29e0a08a7d9db75abeed7c3406cd66557b4d46,Llamao GTD,1,,
0x776b6a82b6ba83ee79f1333620ac384fb638de59,Llamao GTD,1,,
0x3d4cee525dbc25c4dd71c03e5ca3797e2b1516da,Llamao GTD,1,,
0x4cbea4b5ed17a3c3f5f55afdc584b375af910159,Llamao GTD,1,,
0xc8324ffb21fd1a17724c5521c5c65b49bf75418b,Llamao GTD,1,,
0x58d0c592c4ef12d430d712a7f521707a38a29b9c,Llamao GTD,1,,
0x3722c5143f0d4f0f20f186cfe51845efdfe0a9ae,Llamao GTD,1,,
0xe79d70cb309e5cdbdf4b1bfafc8e1029d69b7e40,Llamao GTD,1,,
0xbbc09f08f305dbb1be57a70a1289bef44b59dc63,Llamao GTD,1,,
0x078fd87a74f5fe5843b596495e9853431a4a5ced,Llamao GTD,1,,
0x2d4668f3d4af511f7dd12e4cd5c5281597f48bab,Llamao GTD,1,,
0x9ac8a116e75b3c81aeb13ccbb46e7c5fcf37a31d,Llamao GTD,1,,
0x257022cecad1c8c1a28c94514b0f0f6cf97a6f9a,Llamao GTD,1,,
0x947353af86a77e04bedd66a905e1702b4d18dea6,Llamao GTD,1,,
0x321855f45310de2de761b6292b607cbd94a34cbe,Llamao GTD,1,,
0x5d31f798b1832995552fa0992c5a64ed7ab70277,Llamao GTD,1,,
0xcdeb70ef7cf706cc55bc0ab049d1a26221ca5ae5,Llamao GTD,1,,
0x0d3f377e53a729a28329e2a8e93ccc2c778dfaa0,Llamao GTD,1,,
0x0d110df965ea684bcc47c9423bede491662cfbf7,Llamao GTD,1,,
0x7bf57ad30ae741c400bd8492156460ae69d7c292,Llamao GTD,1,,
0x7fff54fcdd6f1507e14d8538b0cc7dd728b0e217,Llamao GTD,1,,
0x3a083a2e5a9fadc430304d9796aafca4a4087eed,Llamao GTD,1,,
0x28e939e4c4dac2a1b18041b05c439f1c5f445d38,Llamao GTD,1,,
0x25de5be0eee2a6560ab625dcd028574092f182ea,Llamao GTD,1,,
0xd6a0063fc68a26b7fad21976f852f37362e4c645,Llamao GTD,1,,
0x86cf5f0bde5cced4f3c0b15fb1ae164f27e66197,Llamao GTD,1,,
0xc3c5b3097d76e29beedab7821928784cbd0192b3,Llamao GTD,1,,
0x42c5d189c2c4691b86bec6a45af212691a04df28,Llamao GTD,1,,
0x2f24ccffd96c42b6ad931082c241a9c01fc9beda,Llamao GTD,1,,
0xe1b607554f3a4bda2fde2118cf6d3e2032661cff,Llamao GTD,1,,
0x601682d185b0711d4eac00c63427e5f51d2b0e77,Llamao GTD,1,,
0x830b51e7b57a15dda82b1643f594fb740e9ef12d,Llamao GTD,1,,
0xc738fa879cedf5c2ccec6d167c699261916a4f53,Llamao GTD,1,,
0x4a02a18ca17ef2242cf2ae7172d117d0bae729b8,Llamao GTD,1,,
0xb6b89cafb224d546a40e4786539ddc5a8bab47bf,Llamao GTD,1,,
0x9caf0f4290ea3b88cc0a4313af537d72e8aa2e1c,Llamao GTD,1,,
0xdeffb324525f64cd1940c648e7754b9d2e6b4048,Llamao GTD,1,,
0xd0d05126347ae599d13666a7854acb8e2f94f33a,Llamao GTD,1,,
0xe25c9e2e5c4a785f903f2fb4d056a8421041e9de,Llamao GTD,1,,
0x5036796a83b2cfc5c7f4a5adc7232e813ef92576,Llamao GTD,1,,
0x5216ca151e5888a4761c4724c155c4105c1dd05c,Llamao GTD,1,,
0x905cae5fd6dcc590d6541cf9fd48d64342f98f7f,Llamao GTD,1,,
0x6ea71708df7fa09cbcd42da6304ebbba01797b15,Llamao GTD,1,,
0x525e583eb342051e63ed44ba4acf112d377b015b,Llamao GTD,1,,
0x176d8c619e3e08fe036737f34ca538f74733cde6,Llamao GTD,1,,
0x6c441b28fac3790add2b765c33cf1225c306df05,Llamao GTD,1,,
0xbceeac80f6c0f8cdca5391cc0960c778d81eec41,Llamao GTD,1,,
0x696fc8ce013a9733ca483c20624fa383675ac0c0,Llamao GTD,1,,
0xffc80f23506881cd71c145f6ba136a34f2964eaa,Llamao GTD,1,,
0xfb58c4e3c3f3a5ad824e800c1efa41f8022738dd,Llamao GTD,1,,
0xbd36dcf15db0a9449ec5ccc997df1c756fc16ac5,Llamao GTD,1,,
0x12bce9374d254b4dc68e11523c96b20459148a8d,Llamao GTD,1,,
0xa8f505165f6cb2e6fc9e53b7c390c024d2d7b84e,Llamao GTD,1,,
0xd2a2b0a99f9107a0803de5cb346684a5d37d4b1a,Llamao GTD,1,,
0x77ebc98f377ad169c8ba08f52fecf5ef12b67982,Llamao GTD,1,,
0xd1062de01167961b762971831f3ff28248689ff7,Llamao GTD,1,,
0xa3da0e22cea6e23d6b048cc267997ae1e9b74cee,Llamao GTD,1,,
0x9a494a45085c17721ab4d13be3f9ab01828dafcf,Llamao GTD,1,,
0xc9d3248fe89aa37cd11a96642046733801c87b7c,Llamao GTD,1,,
0xa33b4a81509904267b7f653c08f03ea18db2764e,Llamao GTD,1,,
0x4d58a14b6badadb2d1e221340b9effc77dfede0d,Llamao GTD,1,,
0x3336e77d4160044e0dd05fd81da69264466ee2fb,Llamao GTD,1,,
0x85670c373278fe12d0d435bc09b81a11b287ba62,Llamao GTD,1,,
0x6cdef73902e1e576dcd760a9232f7e8a0b711b19,Llamao GTD,1,,
0x8db8ef0f22f01e28e733e4c33652f1e5dde4ea45,Llamao GTD,1,,
0x953748ddaaf821a1fdf27abd811bee9df0f3b6bf,Llamao GTD,1,,
0xe470733de931ac77c6331f972bf8b0287567f6d4,Llamao GTD,1,,
0x6b2b72ba6b0d712c1235d2fe9360c13e944240ba,Llamao GTD,1,,
0x90703830ebaa5b237bac4cd836a738c17b55c693,Llamao GTD,1,,
0x36eaf9e403190697d44b9a256f28e05aab770c0a,Llamao GTD,1,,
0x20107ad0b70366e6af88ca97ab7a8bb5138d5ea5,Llamao GTD,1,,
0x8e1d405321e47cd64b6a5b68e154b6979356f59c,Llamao GTD,1,,
0x04994c1a36690c3f8bab7bf4e0a93ae025bef6ff,Llamao GTD,1,,
0x5f561f82abdb785c36da9801bb04722b9e778271,Llamao GTD,1,,
0xa27236865d6c0a0d9ab5f8a3e55c7771dd78d943,Llamao GTD,1,,
0xfd84b98cf68d1e59882cfa59e03d97e03c6341b2,Llamao GTD,1,,
0x47b3c6637d1ed01a4b98646e0920fcd8068430e7,Llamao GTD,1,,
0xa9f2356198dcee79fa2231dee7c2a01b744b2fdd,Llamao GTD,1,,
0x3bc648edf97f5932cc4c9ca6b849bd5135a074a8,Llamao GTD,1,,
0x03747de51920f67b0b49ed9b03d48d3173b6e9d3,Llamao GTD,1,,
0x0e6d506206189209033bb20b84f9588e31aa730b,Llamao GTD,1,,
0x55e3020ed4ebe88c385e87561875476af2b0be77,Llamao GTD,1,,
0xe9fbe0a03d07e13f9ecddc737e756590bc3db442,Llamao GTD,1,,
0x0796c4b6629a1a699e9d5490463aceac468c46a1,Llamao GTD,1,,
0xd86a33b03f590fa66fb17d154562aaafca1ad0fb,Llamao GTD,1,,
0xe486627c7542623f947acdccc84c35a59f13ef9d,Llamao GTD,1,,
0x1a2178e74261f55499128191ff91ae57c9b3e8d0,Llamao GTD,1,,
0xffb8c9ec9951b1d22ae0676a8965de43412ceb7d,Llamao GTD,1,,
0x496cc711dddd0f9520c65f936097720f58434d05,Llamao GTD,1,,
0xb8bed19ace2cf752999e5f69f98aa7049045629d,Llamao GTD,1,,
0x8b9c652eb55f43fd6e8412ca4b6b5439e683b2c1,Llamao GTD,1,,
0x183243034257f0130fa76be9cd68e95976c864d8,Llamao GTD,1,,
0x6a633e7a7857b164b2eda01a3a26029805e007c0,Llamao GTD,1,,
0xd258c67abadf663228559c6de9bcf6d6c3e39730,Llamao GTD,1,,
0x1676bb615bdc4a01cbb1e5e177948711daec25a0,Llamao GTD,1,,
0x213fd01dd58eff04ecd415964f0f50b5fcb3f346,Llamao GTD,1,,
0x71db24f359e146fa2254191acf0729632be3118e,Llamao GTD,1,,
0xe3e531b031fff36f4239e491f57bc1da618ea95b,Llamao GTD,1,,
0x6b8a7029227312fb018688e57d0131afbf17311a,Llamao GTD,1,,
0x8053b146c6167d4a07ce6db22830c613d39d689c,Llamao GTD,1,,
0x0857fd7a672cd64ac49a58efa2bb0487d4c187b7,Llamao GTD,1,,
0x7345ee2a3b6b859dd78990e46bd5cd21726b1f5f,Llamao GTD,1,,
0x85a7fb15e6557c290dc05bd0ac6870bbfd6d6c5d,Llamao GTD,1,,
0xa29c794ddf9d9358fb2838bc622c345e316ff96f,Llamao GTD,1,,
0x7d86e5eea18c365b29f4cbaca31d2daae4ea7dd9,Llamao GTD,1,,
0x1a27370a24134aeb169d5753b0189ede358fc324,Llamao GTD,1,,
0xce95401e6e35dc4a4370090247ea888dee6d973c,Llamao GTD,1,,
0x68f42fdcfe09c793908cc968c5cf99d0eeedd264,Llamao GTD,1,,
0x85c66a561969020ece7745d2210e1298eca78f68,Llamao GTD,1,,
0x523281989b1e8e2e7a6905e280fdc9865512f65d,Llamao GTD,1,,
0x67629321a2d87f5e4fa02c4ccba77170101284c5,Llamao GTD,1,,
0x852a21b488d9e96a3c82a842ffb64ad1a8bc734b,Llamao GTD,1,,
0x048fbe1e106477ae49b1977950d2c1e431717181,Llamao GTD,1,,
0xe6630ce6d3dd0a6c2b8b6b25d2c6c648f7a15ea5,Llamao GTD,1,,
0x71b29d40184ee0e23ed837a66286667e6204bcc6,Llamao GTD,1,,
0x2666df3c104533a81bc7fdd5448abe85e7a35013,Llamao GTD,1,,
0x757448d35c6fbddfd29a8269ee0c27e28ec12513,Llamao GTD,1,,
0x3445ae715258f109075db4a257ee292dc726c810,Llamao GTD,1,,
0xf86b422da17701b48e2c65d1e9cf5f325546db64,Llamao GTD,1,,
0x0dd5d960cf1f354a1152ae8ff1abe61bd5cfbb43,Llamao GTD,1,,
0x55be1211f3b61b8ba8b1f6af9eccc1f0578b94e0,Llamao GTD,1,,
0x61a6e69201e0c3bb28c8c3391a1c65dff8b054c8,Llamao GTD,1,,
0xa90a0c4567e6919af0a091129afe47000d273c2e,Llamao GTD,1,,
0x93b1cd2a4063d889f9219c4bcb50c4c920670ab2,Llamao GTD,1,,
0x3aeada63ef9c14651e289a21cee7a8e48af3ccd7,Llamao GTD,1,,
0x8cf817eacb140560636264d0f4e9a572c2028e5e,Llamao GTD,1,,
0x121880c0dce978cb61d6e33e5bf2549331a862d2,Llamao GTD,1,,
0xcf08fdbc2a8ec15dd2600af08af9307bb0cd0d9a,Llamao GTD,1,,
0x393dab23232889af774526a3c4277ad4fa5c182e,Llamao GTD,1,,
0x2a9dfe25840df4c736d9c8051b9bd0a712636e68,Llamao GTD,1,,
0xae1313b47678e0ddec9744e99526569053982422,Llamao GTD,1,,
0x474e0b8a4f3acfe1430a70b0d9303999bc64e393,Llamao GTD,1,,
0xdbbf2c278598d1ab240b29e48a7f1138cfd4135f,Llamao GTD,1,,
0x9173983dc9421122f43c09d022627d9b9a52f67a,Llamao GTD,1,,
0xdb92f39a1c514cc2e0db429410aec3578de020dc,Llamao GTD,1,,
0xab925000bc780b05d2ba4094bbec3b33062b9891,Llamao GTD,1,,
0x8a00d9f1dcd8e152f3ec74cf083253b616dba2cb,Llamao GTD,1,,
0x2c6e8fff05c902e581e758e3aa53a7a152657f2f,Llamao GTD,1,,
0xa891229655457482a669a42f38c3b4844b8881c9,Llamao GTD,1,,
0x827b48114e524ae234e61d0738538d2093f0f0bd,Llamao GTD,1,,
0xbefef0fe13b9bd398a88dab74ccd62099c51333c,Llamao GTD,1,,
0x80b0fc3169e8c9b3545e3247bab69b53b68a8003,Llamao GTD,1,,
0xdd55112e2661980759c524f7821e8ec92722d864,Llamao GTD,1,,
0x08f51307528d132c09b4d1a530d053c060b0dd93,Llamao GTD,1,,
0xc3328aa26307e5b7657104b067c48f7dd39fd616,Llamao GTD,1,,
0x371cbd32b0aa149336ce619edc8aa79423279af6,Llamao GTD,1,,
0xe0e839ae23d5d4bd05c4826f77fd16d3a5565653,Llamao GTD,1,,
0x27a9b357c10feeaa671e2463f3bc614d85af7b2c,Llamao GTD,1,,
0x0b942cf2d93503d84f40834f53f332090d0fd491,Llamao GTD,1,,
0xca223dd80fb0eb3a14be13a807b3395cbc2137ff,Llamao GTD,1,,
0x479a021f1c9ba87622d3ede296069ae9dc58798c,Llamao GTD,1,,
0xf9dba03e07e4c086ef2e1637bbe03ded7c09eb9a,Llamao GTD,1,,
0xa82f6e916eb2b6d096e8004b7592d8f15e2382b4,Llamao GTD,1,,
0xd29634e11992e32371b0046943a4574ef4323172,Llamao GTD,1,,
0x8780ecabce462a2ae1b95bfa5fb2f6cf394ab12d,Llamao GTD,1,,
0x505b43f78a0144a2c27c413ae8c4909bda93b8ee,Llamao GTD,1,,
0x075858c6dfa2ad2f2bb3c51946b1339dbc48665f,Llamao GTD,1,,
0x1d3c6561a76da4e05b9c7184389612131f390ffa,Llamao GTD,1,,
0x0ded3eb7b984141ebf8b4eb2ce409971cb08e305,Llamao GTD,1,,
0x27f152177ad927fe768700d9979b6765e825a3cd,Llamao GTD,1,,
0x47eb88e1f120f673ce035b8b4d097b28d39cd452,Llamao GTD,1,,
0x8a3304baea0a043adfa7cb3e570c1597deef2331,Llamao GTD,1,,
0xab8dd415c38e10287bff282974ea5e4b0d26cc1a,Llamao GTD,1,,
0x67ac980ecb1664a4e4b53740a6b622dbf3ec07f6,Llamao GTD,1,,
0x486d6a5d90d2c1c3fc33efa91526a9b624d329ed,Llamao GTD,1,,
0x4de8b24f83ef36e818bd43b7fb7d1395c5c16a78,Llamao GTD,1,,
0xbd5f50691c1fe1e6740caa6cdfbf4921149455f2,Llamao GTD,1,,
0x130a588abd65c7097b046b5fca2e2ae0d399befb,Llamao GTD,1,,
0x25ec01d1e2fda29e7df56aece422b57ef104757c,Llamao GTD,1,,
0x9e77c00189190372ddfe0d9a113055bf96379ad3,Llamao GTD,1,,
0x89b1e3acec5e6abed434920a8c181a747da025be,Llamao GTD,1,,
0x3fcc35ee51832944dd46136e36d3516e83d707e0,Llamao GTD,1,,
0xd0fd45d9769d038bb9b7b86b7496ac1f15ddcc0e,Llamao GTD,1,,
0x147f06a1786c204789d46cfd4dc304d19d900aa0,Llamao GTD,1,,
0xf2b5ab138bd6409b65aaa30dcde90b54f82826d0,Llamao GTD,1,,
0x9ea76f1c71a0032358b6cced557afb7c33a74262,Llamao GTD,1,,
0x46d6e8f0010d6282130a10b7d653f25ac1fb9691,Llamao GTD,1,,
0x2a24723b27136456d08c6fd59346b94442389404,Llamao GTD,1,,
0xec9a43086d3ffc1c90f2c659c2c46bb2404093fd,Llamao GTD,1,,
0x2c8b43ecd4cf1e9c73e25ce859e553f1000dd041,Llamao GTD,1,,
0xfcea583d82437e59c473890807c5935fdacb8c07,Llamao GTD,1,,
0x0233e7ff2cf893d71e7c0f30cd5ba40754ca10cd,Llamao GTD,1,,
0x8cdb8b7610fa03191005cc183db76692701c8405,Llamao GTD,1,,
0xd057fb81e765472e6979c91cb951faf40b4358e7,Llamao GTD,1,,
0xf745e721f3fcd2c4a9307ff4e33dd840adbcd8cf,Llamao GTD,1,,
0x98bb139daf4d8ac9076bf614b795157abdb6cc13,Llamao GTD,1,,
0xaf92eb9ff3d5e50e6b2242dfbd88aefb8e6563a5,Llamao GTD,1,,
0x0857A3ec0E80A81114C3e956471235B46583F257,Llamao GTD,1,TEST,
0xd10f7c4a8ac838610edeece946591e42a07592e9,Monadverse FCFS,2,,
0xd7f76b141fc9545d24f7763a22c30e00f85f60b2,Monadverse FCFS,2,,
0x85aed2cdfb43c8ab7ebb8e63ae88f6c72f494d0b,Monadverse FCFS,2,,
0x7cc8f53f5c39a428549a5ddbaabb19cb1b5f2973,Monadverse FCFS,2,,
0x1cf16a258c1ed86140de36b1c2910c7517e4ecc2,Monadverse FCFS,2,,
0x300b2d1f9d7cd943f3b1257e0748051641e90376,Monadverse FCFS,2,,
0x2c1ab460256b223a5520dfb11c7fa1d443c4b7ad,Monadverse FCFS,2,,
0xcf4410610814d4200fbd2076e9227aef39158388,Monadverse FCFS,2,,
0x3122be91494145d92b790f96c6a417a75dee49a6,Monadverse FCFS,2,,
0xaa2958a83c20e8258c563bc79d4690688841cdb0,Monadverse FCFS,2,,
0xa152420d3504df8ca8dc515ba64007a621f32be9,Monadverse FCFS,2,,
0x719bc70105a1ab454abc2f894ef8a1860a97be3d,Monadverse FCFS,2,,
0x52c65900f679f6d826e35195304fa97fa5db4e3a,Monadverse FCFS,2,,
0xe868f5421e8ed1158c3e5c7787da9449b7debf60,Monadverse FCFS,2,,
0x3518899c417781ec16c8493d1d7f9a5ad5243064,Monadverse FCFS,2,,
0x3973fada10fab5cc67848303d91abbbcccf0e381,Monadverse FCFS,2,,
0xa92c5b9c9619aa82854f7287e8b70b57eee0dc0c,Monadverse FCFS,2,,
0x60edd6cd71c3809239e54b60353f12b617d910c9,Monadverse FCFS,2,,
0xa21dd2982126a210103b563e68a9ecf9d8084384,Monadverse FCFS,2,,
0x33d41cc60b7a98775b76c80676d2b402a5a15491,Monadverse FCFS,2,,
0x213b9294c97e2c22A1655864EdEe929cFFae21c3,Monadverse FCFS,2,TEST,
0x9dbe03e2d98ade64d6bcd7bb33467460386c4529,Monadverse GTD,3,,
0x3fe2636091deafe3e070a181b022fda83c8dcdb0,Monadverse GTD,3,,
0x1009f579419ec7b81fbc4fa0bf0a052472ffc031,Monadverse GTD,3,,
0x51528895b65ba2024c52fc297142a27ca4fd6d96,Monadverse GTD,3,,
0x63ea994083f35a1f0dda3936135747a388fe3cf9,Monadverse GTD,3,,
0x896c2f467ee5b61df95b3c442d8f3d3c718c5a8f,Monadverse GTD,3,,
0xc321482871371392d5b8c0c07142b092087f13a3,Monadverse GTD,3,,
0x165612b9be13c0625412984e564b689ad7897b06,Monadverse GTD,3,,
0x3e04010754c3460dba3940601d476b8fe931435e,Monadverse GTD,3,,
0x9a34fb9a2a3414fe0f6558e4baf6bcd8b6c15ac5,Monadverse GTD,3,,
0xc0103C16d1e0207ABc88072a18fE6796B4b11DbF,Monadverse GTD,3,TEST,
0x916aad684058c4c2b4e6a7c4dc7e8691847a9895,Nad Name Service GTD,4,,
0x952d980f40bded3459ea9905480fcc1c900a0271,Nad Name Service GTD,4,,
0x35324951f15a52fa63839b4a88766bb827081d5f,Nad Name Service GTD,4,,
0x9b834c0eb929607d30682f1dd5d1350d78b78234,Nad Name Service GTD,4,,
0x35462150d32e2d65bc91b6930fe12e002309b56b,Nad Name Service GTD,4,,
0x30244755ec73bd4931e3b50eed74eabd4a2eba1d,Nad Name Service GTD,4,,
0x20101be1c9079cf64769adb777449d5254c9e21b,Nad Name Service GTD,4,,
0x8217ab2811e5f63ed9bdcafe45891d45568bec64,Nad Name Service GTD,4,,
0x5084bc3d26c2417f883d0d44ff78e72319830217,Nad Name Service GTD,4,,
0x6a67eaf9f217ae68a07774ca2b906c5361131d75,Nad Name Service GTD,4,,
0x0f151919903d4c378bae24960f6afa836971d514,Nad Name Service GTD,4,,
0x08086d1d631f708fd405e54dc49db0edbba5831a,Nad Name Service GTD,4,,
0x97a1f727f31cfbb6d3c9a830321372a6f884c968,Nad Name Service GTD,4,,
0x7cb47c137ac7b22603d926e387a05d9f7de28ff4,Nad Name Service GTD,4,,
0xb8c8b634a556d1e1b46866247da7295c940e09ae,Nad Name Service GTD,4,,
0xafa889743de67a656564c21c679ec0c992a9b5e9,Nad Name Service GTD,4,,
0xb61d73b046230926cc9c8723e9b7c01065654188,Nad Name Service GTD,4,,
0x20205eac3192cd403d6ebd484ec9c162fa473927,Nad Name Service GTD,4,,
0x75d7f75bdfd8c0f0de9c737bb5cd6824da7f90e6,Nad Name Service GTD,4,,
0xf8ec54b849bdd451554c4166d8faf42f47f373ec,Nad Name Service GTD,4,,
0x37974ceed2331722a62772bd7adb7768dceed173,Nad Name Service GTD,4,,
0x37171540f5130c83db53ea85bb0c9a94748f221f,Nad Name Service GTD,4,,
0x9d782f0eb066da0ce905edc9c63fbf3dbd274fcd,Nad Name Service GTD,4,,
0xd0dcd639e135e4c329238cb7146f82220b5d2343,Nad Name Service GTD,4,,
0x926c7c182fb9c834660eed77db379c4e1432400e,Nad Name Service GTD,4,,
0x3932b8f9e7cffc92acde70abdceb79c1df8acb17,Nad Name Service GTD,4,,
0xafb894354e455de87408f0eb40d6375f40d34637,Nad Name Service GTD,4,,
0xfcd53dfc035fff1906244275e0239f3f7ac2de18,Nad Name Service GTD,4,,
0xf54f6a21d12a5f4edc508e78373e8a27870030be,Nad Name Service GTD,4,,
0x028d962ead8b24b8417bc3e0bbffb77409f5b1ab,Nad Name Service GTD,4,,
0x881924048114cc2a22ae2c0a67a6c4bcb74571d6,Nad Name Service GTD,4,,
0x249c335f35b66adaf41f3ce6c53cf71df3e2f03e,Nad Name Service GTD,4,,
0xa9eaf2f2e9e91fdfc333f9aacf96b8ffe417b26e,Nad Name Service GTD,4,,
0xb2d28a13004389f240c4d67a132e257ed84dd60e,Nad Name Service GTD,4,,
0xf76440d0b0798cb21d2315fe14e962930b1857b3,Nad Name Service GTD,4,,
0xf36154b3efe03d3b2798c329b6872db1b5582dfd,Nad Name Service GTD,4,,
0xcde1c4fdd409d12163549e9bc6bf8f22bd681856,Nad Name Service GTD,4,,
0x967589985ae6fd4b5bfec10206c3f0e9c359ef4e,Nad Name Service GTD,4,,
0x2edf1226a23aad3a649267c93693bdece0f3e221,Nad Name Service GTD,4,,
0x070af5f01338b52de6899600fc62bd316b98b046,Nad Name Service GTD,4,,
0xc46024f6cc2b21760893fbda99bb70c6e5b6fa10,Nad Name Service GTD,4,,
0x549d33b65190f63855ac0095e5a45c6bd407368c,Nad Name Service GTD,4,,
0x8673d3a7f26e74e183494bb20f08ca69c72571c5,Nad Name Service GTD,4,,
0xf3fc64335b187e434bf9f92974217256e329bda4,Nad Name Service GTD,4,,
0x653ce03db6ad3413f3f725e64a2e2d1e8aa768ca,Nad Name Service GTD,4,,
0xc209163bbeca0fbf539d234cec56fec954031fb3,Nad Name Service GTD,4,,
0xe61c786a9ad9dfcf11f8a4d4f7b2f5e696562413,Nad Name Service GTD,4,,
0x9e374f0dd2636cf97cba9e3bd12a014b83e575f4,Nad Name Service GTD,4,,
0x51ca15edeabab49572308753e28e6966861d9ddd,Nad Name Service GTD,4,,
0xb83415582bb0a0ebbdab96fbdae83da0f291d518,Nad Name Service GTD,4,,
0x88538545f824b51909910c45c91d38f4c1add00d,Nad Name Service GTD,4,,
0xc4bdc2e8735a63880d08a74decd7165084c4c777,Nad Name Service GTD,4,,
0x4345ed3ded261b9b27fa6ee4af2d6d8de0cb9f55,Nad Name Service GTD,4,,
0x01980a4cfa6d3a8df49f57789fa64ce0136d8678,Nad Name Service GTD,4,,
0x68227b00bcf55eaa0e3b11627ae5e19821a6538a,Nad Name Service GTD,4,,
0xd8d279a6a6d52cf155e47b8452ceb21ecfa00d59,Nad Name Service GTD,4,,
0x1afad7ba4891fe611619da112584500ecfcf488f,Nad Name Service GTD,4,,
0x6c5257b8c36bb58ccdb1f010dbd8e786abbe18f9,Nad Name Service GTD,4,,
0x6cdcd806abda9825b8cedd09ef0e9c9321c040e0,Nad Name Service GTD,4,,
0xf05e74a5d7842153655133251dc0c73ebe42405f,Nad Name Service GTD,4,,
0x4ca523cad8351bc07cdd3db96edff4d755037702,Nad Name Service GTD,4,,
0x76c375ef7f1eec67f807cfa5b8888360639f4713,Nad Name Service GTD,4,,
0x336c59bb9878bcfa8dba7e361ec2d912a9dad061,Nad Name Service GTD,4,,
0xebaff9320785d9e6d9180f0018d6b4d3b41e58a2,Nad Name Service GTD,4,,
0x92ba6bbfb4010e42431914ff25094fa988711a3c,Nad Name Service GTD,4,,
0xd6b1702d7851d4707c7fee7888340e9803558802,Nad Name Service GTD,4,,
0xf42152ac26e98cc45e4e99cc0ade4bda5465c27c,Nad Name Service GTD,4,,
0x296b34f3560a030ef2b770568f45e2bb710556f8,Nad Name Service GTD,4,,
0x60e3a0cce2422b832e9e9d9f9f9e37f5aaed45d0,Nad Name Service GTD,4,,
0xef825055d39fb545550977d4f925e1b311e0956c,Nad Name Service GTD,4,,
0x13a23674da44c3ab073dbf8aad5f76c316d89bdc,Nad Name Service GTD,4,,
0x66dfcd468d5b12dafdf7be069e618095da1f947e,Nad Name Service GTD,4,,
0xb564f65ba63c108724844cf00a54bff7e4792072,Nad Name Service GTD,4,,
0x97c491bc6925e5c215ee6f5e4afb98ae17945bac,Nad Name Service GTD,4,,
0x35af1b71f5b2b38b3ee605737e5541604b352fb7,Nad Name Service GTD,4,,
0xecdd7cccef40efd442f357f2d5a4adf14b8bf715,Nad Name Service GTD,4,,
0x0e2aff43bd65c2a8a50ea1205bb721e1a99395e5,Nad Name Service GTD,4,,
0x83360a561df73bde1cad48d9373d9a92ab39c576,Nad Name Service GTD,4,,
0x8565013495e61f81f7fac8d415140b9f8f884d7d,Nad Name Service GTD,4,,
0xf60f209674bf2735669a7d2755dd06f122d74644,Nad Name Service GTD,4,,
0xa615fc1c94230e3d410a0f3dbeee108402d5b59f,Nad Name Service GTD,4,,
0x79c1748b58981b963a786c9dcc65b7cc1b135997,Nad Name Service GTD,4,,
0xab14136c5064bdcc48a1082797e14f69405d23ee,Nad Name Service GTD,4,,
0xcd72cd2d1419962a6254e1395e85db1838f0d7b9,Nad Name Service GTD,4,,
0x5c6b82d3f079f1f164d74c6facb1857ffe1cedf5,Nad Name Service GTD,4,,
0xf018a1469371c0c325c90f0179f21bf7880ccb29,Nad Name Service GTD,4,,
0x4c95b265dccb3d543da8ee3a0bcc7959e5897c37,Nad Name Service GTD,4,,
0x795d625c10a8da1dbf69af1e122d8ad5e1191c33,Nad Name Service GTD,4,,
0x926010a2cece0199cef85bc046d55dada14360b3,Nad Name Service GTD,4,,
0x9968d8265bb707dd7ecefbdf664708c42745cf2b,Nad Name Service GTD,4,,
0xa1a04446c986dce137524673d33e2e8172dfdf80,Nad Name Service GTD,4,,
0x06a665dcc7b6646f29bc6574fd73d8729b11a223,Nad Name Service GTD,4,,
0x3163e60eecf681aaf5440e2f11a3e5dc875cb3a2,Nad Name Service GTD,4,,
0x60c6d6ecba67aa7b0a9decbcc09f8dc194ebf72d,Nad Name Service GTD,4,,
0xb806f2c5ce933bffba64cb778a4abb20ebfa8fd0,Nad Name Service GTD,4,,
0x1a3d5c50a56239ddc07ed0db27e567c2608d5f60,Nad Name Service GTD,4,,
0x9357781c16fdcdb386866e1f8b55bbf29cc6a44a,Nad Name Service GTD,4,,
0x7823d14177341657435a693ca53426f9d3a1bc81,Nad Name Service GTD,4,,
0x6a41371b12f4032019f5423cfa912193d5310a15,Nad Name Service GTD,4,,
0x1496d794ffedabe5d33f19951e586697d88a7e94,Nad Name Service GTD,4,,
0xe3DD1aF1F9e9378227985e3941ECAdE82c082b38,Nad Name Service GTD,4,TEST,
0x72dcfb2a922214634250af1379f15f753434d617,Overnads GTD,5,,
0x278998ff92bb0ad1ae5175e38957cabf78ae76f2,Overnads GTD,5,,
0x7e9ac82a8884dfaa7fd50be95b96b10b2cba37bf,Overnads GTD,5,,
0x7d5f2edabbba455c826b84fc95488a7bc92e27df,Overnads GTD,5,,
0x34f84a621372366d91dc5a7035ba6300461b2cd9,Overnads GTD,5,,
0xba0be02cb17dfb7e7ff37135bd2b293c94733c86,Overnads GTD,5,,
0xaa18f893833d7fb1b93cb6b9929c53b753b6e231,Overnads GTD,5,,
0x1b00f8e2d412ff3f22ea490a7b53903fd50f0a67,Overnads GTD,5,,
0x7c63d1da4bc34bea36eb48e8c04878d7b12f4783,Overnads GTD,5,,
0x7de3dde7ae31c5e46490951b81bd74f9aae31d9d,Overnads GTD,5,,
0xBeB1F3350f67399F175CC453e911e197ea2ab319,Overnads GTD,5,TEST,
0x8007dd9bbe8a96b88ecdbdb709b661fbed57a695,Overnads FCFS,6,,
0x2f207e1c49631d2a338dce5a7f4be9fa2fc54c1d,Overnads FCFS,6,,
0x8dcf3d37243a11f2aa571185001633913d0e480f,Overnads FCFS,6,,
0x08737c1b7bc93b47e713b5e4c6714b506e7b56be,Overnads FCFS,6,,
0x614e39b77bc286fe577724972e7c69b814c26900,Overnads FCFS,6,,
0xec39ed945e77ed0800fae059b546a80fc6269175,Overnads FCFS,6,,
0x28ec623d1aef8e07a9b9c030c68c1d05c2d3b010,Overnads FCFS,6,,
0x3e78c4848062f1a0e3888cebb1efec178769f7f8,Overnads FCFS,6,,
0x55ed1af4e4c7468e17cbbacdb4c97191c76e5540,Overnads FCFS,6,,
0x658ffab69f7b21a492b448a971caddb11a329478,Overnads FCFS,6,,
0x6b7ffe84681cdbb553788ed19b567027129bee41,Overnads FCFS,6,,
0xbab9d426023d01753619991185f83e8e578d45ff,Overnads FCFS,6,,
0xa333732a1d98151c76064ef216266168e20f77d3,Overnads FCFS,6,,
0x5807545401c00fbce80ad45aa27f4cbc2cc852de,Overnads FCFS,6,,
0x850bcc44ac19eb76c19d0dafbef450e6f7715a4e,Overnads FCFS,6,,
0x90789139599369d757a72fa1ea0a41f3a4ed6a49,Overnads FCFS,6,,
0xbef4c5445eb767dd9493a86ff89f25cdcd0809ed,Overnads FCFS,6,,
0x47ea84ffc52aae06e30fdf9f44d6f081144f21cd,Overnads FCFS,6,,
0x755ac94bc4e0121b7b9158bf345e269a72ae450e,Overnads FCFS,6,,
0x34fd71639c794925b2866d53384bedc3806f779d,Overnads FCFS,6,,
0xd144f0c472c9802e1be10bda2f8090ba453d05f6,Overnads FCFS,6,,
0x3b126cae6a075a4f410b7db8fe9fc77c43997169,Overnads FCFS,6,,
0xa8ea7e6d4e4996be6aafcfcb91b22caa8d99981c,Overnads FCFS,6,,
0xa15ab67d24482818dc79af6e05210e38d5cad4e4,Overnads FCFS,6,,
0x5e24ee925843f839e813a12e182bc002d5e8e1e4,Overnads FCFS,6,,
0x11c96dda98cbca8aa2aa1cc59dbc6bbc8bd72984,Overnads FCFS,6,,
0x45e9a0bf895c33016968a39651e7c27bde800f2f,Overnads FCFS,6,,
0x1a226e5ad2327dff8f2eab8254e34ebac9b1c703,Overnads FCFS,6,,
0xf3f5c95ba1a0f3eeaeddcfcb2e6acb271c3a7588,Overnads FCFS,6,,
0x03718ec1f0dd22ba6329df77f953000d30a14932,Overnads FCFS,6,,
0x0ba5822e411c34c377e118439b9cb9a1caca3eea,Overnads FCFS,6,,
0xe0130d934d0e0412bfc56d97ff7483dbfa03ac06,Overnads FCFS,6,,
0x357ce2559667d07b007d1657e952140ee49b6a5e,Overnads FCFS,6,,
0xf4deafde183f647daa76c83394679ce66d57e271,Overnads FCFS,6,,
0x70af57d3c4d4942b6361f7e0d20ff1a1b330727f,Overnads FCFS,6,,
0xb63dd6c60dcfd176a9739c259e50bf44a02a6e3c,Overnads FCFS,6,,
0x215af6a8bb0e81a790e386d20443f81a78cf0c71,Overnads FCFS,6,,
0xd0d556a4f9996e98f76074f533b08d9ccc802a7f,Overnads FCFS,6,,
0xfb4fb7e61f7ac196d93e54864125c6bf0ac75472,Overnads FCFS,6,,
0xe47a96ffebd6b708f68376b65ee080385c593ed7,Overnads FCFS,6,,
0xb2a3393247ba628391df31ec2ef3403e5503bb27,Overnads FCFS,6,,
0x17d13e877caf131c54f0db3195ab7d31f167718f,Overnads FCFS,6,,
0x97dd21b83bb4381f90afda2335c858f07c121a82,Overnads FCFS,6,,
0x07739fdb2f1de953c02f274f5fd287ede36ad4b8,Overnads FCFS,6,,
0x7f65de72754cc8480f936bee490bc41f8b6e92fb,Overnads FCFS,6,,
0xdf7ea6345830ee58f9f1aefd6ee1db817abb1ec1,Overnads FCFS,6,,
0x47a18b8786efed9cdac0d6b0799d2b57fc0c040b,Overnads FCFS,6,,
0x68380dfbcfbbfb68a4d2b3b7932db2d7d720025d,Overnads FCFS,6,,
0x2067134cb984d3002da960410e9dbb1ddeb721b4,Overnads FCFS,6,,
0xb7b14140ec4e642eb44680d7a7ceeb44f034afd3,Overnads FCFS,6,,
0x49b182fBcE5319986Cbc44E65529b40f486Df233,Overnads FCFS,6,TEST,
0x1b0cb8426eee39069a2b172e6e81adc5f57ab122,Chewy FCFS,7,,
0x139f2ccf39c2a68ac0725dfca257649434a24bf7,Chewy FCFS,7,,
0xb82b2b83a745690e60800d0a06f177c1493c76ba,Chewy FCFS,7,,
0x130015abf676bf776d1ea570d778cf01fc4253c8,Chewy FCFS,7,,
0xcbdbd6ba634a502c7a7c219ff3c8365b5dc47429,Chewy FCFS,7,,
0xc29af44880f936a4218bb1c53d7bfb4126d063f9,Chewy FCFS,7,,
0x35732a2952f773288d10d43331d6e762c4323d18,Chewy FCFS,7,,
0x397fc9d2252cc841e89716c99f517ed815ee6707,Chewy FCFS,7,,
0x30f4af5d5119c4dbae18a132bfc9cbfc01943ffa,Chewy FCFS,7,,
0x9a5a68a6c3ccda67aad50bc216a72b0c55d16415,Chewy FCFS,7,,
0xB14Ee6cEC7022B1976500845954BDc2a15b210F3,Chewy FCFS,7,TEST,
0xce5f07fe20c4ed9ea6a9d61dd4614ae09c041c19,Chewy GTD,8,,
0x390ee3629d4061bb3949daf5accf03f1ee7d0090,Chewy GTD,8,,
0xdcbacd2c379786de0655c94b9858f27681f51d82,Chewy GTD,8,,
0xd3ed7581f951a7d7eb277e854864f4cb88e1c500,Chewy GTD,8,,
0x745982f28f29b9fee045b1564872c1398ea707f6,Chewy GTD,8,,
0x73153a1D29deb528Bb1F7079e4eab28EC179c222,Chewy GTD,8,TEST,
0xdbc847bbcff53768cad6c45593833393a18de6a0,SLMND FCFS,9,,
0x41fb651d41b2f77ae8c1c68359e4b27e13b59726,SLMND FCFS,9,,
0x26e0c75909e9676112729c0abd277e7bbc9e6c4a,SLMND FCFS,9,,
0x022c45935c92af099ad2dd9d3bb12b090ab1aed8,SLMND FCFS,9,,
0x991b7a6a0570df37691f28081d248d9e2414781e,SLMND FCFS,9,,
0xb46d5a456896a15cca032d2d5bd77e939593c5b1,SLMND FCFS,9,,
0xc8c7456419d9cfc69a9586e49e5117483d1b04f9,SLMND FCFS,9,,
0x54f28fe5c7b23489dade4e9b377c82d25966e0ff,SLMND FCFS,9,,
0x179d4f3dc80fb1f587c18a87cf0113ff9db1c23d,SLMND FCFS,9,,
0x20ebecea4f01f42df35b39cfd1f1f49948d557bc,SLMND FCFS,9,,
0xb388911f5731cf76a0748acb73db4fdce12586eb,SLMND FCFS,9,,
0x9b0280d52e3c93f06bf045953c14e38da8fb8d41,SLMND FCFS,9,,
0x900092309299dc9d4e84d142c33e80abe8b429f8,SLMND FCFS,9,,
0xc904f3c59b366a6c012824742e539b44322c36e9,SLMND FCFS,9,,
0x17d6c88a609307c14fa269a5314fb569247c2288,SLMND FCFS,9,,
0x7c4d09b02e215d111fd5329eb84b6dca546ced37,SLMND FCFS,9,,
0xc2e1f185f4449970bfb91ee17bc142c2a102b3d0,SLMND FCFS,9,,
0x8814f565024b138e8f3b6142bb3e4a15df83a1d2,SLMND FCFS,9,,
0x4bdf4b604efa0217b967e3581450a12d8c26d89b,SLMND FCFS,9,,
0x59027068a84067d8f81fc30d46dfb46b3b7ef656,SLMND FCFS,9,,
0x4e4c4c5accaf01296374a43334244a878d570240,SLMND FCFS,9,,
0x8bbaadd6c3d79e5119f6bf353d99c9fbba61819f,SLMND FCFS,9,,
0xb64c1715103e9ff0d3e37d9709563c73e0f24daa,SLMND FCFS,9,,
0x83f53f0d53e2e2eed95bd029c77df7bd77fe9f7c,SLMND FCFS,9,,
0x62186537c4d53711a1917d81bfbb34e99de5bafc,SLMND FCFS,9,,
0x995737ba36f81560bb2a838f1aad0a6e40bab0fc,SLMND FCFS,9,,
0xcffa139da89502b42bb2059e309a15209c3fced9,SLMND FCFS,9,,
0x42e9af30ece6dea3492655d35446a45aba205529,SLMND FCFS,9,,
0x28c2b741761ba5a3daf179e6f40723ec88bf9341,SLMND FCFS,9,,
0xd1b29f495df3f3206c6e32c92ae3aa33f85f7349,SLMND FCFS,9,,
0x41246f604B3a5bF670fb173Ad737FC4C98E9F300,SLMND FCFS,9,TEST,
0x3039b0395fa65d220bc07b63f47f2f98ffa1d248,La Mouch GTD,10,,
0xd4290d5827198ad3507f865314b4b887cbfb7584,La Mouch GTD,10,,
0x647167b0066BcA2bC8879D2d95Ae6A0AF6bfdC04,La Mouch GTD,10,TEST,
0x00ca0a45714ae2290957afde414bfc3eb711a020,$CHOG token,11,,
0x0243407fedadd0dba364aafbcebeaab55ea25def,$CHOG token,11,,
0x28e03f622020767c4b0e90176b4e3ed0e3433cfd,$CHOG token,11,,
0x293dbb54c0fcbc5c5baa3580f1cc3df0dfb31051,$CHOG token,11,,
0x35af1b71f5b2b38b3ee605737e5541604b352fb7,$CHOG token,11,,
0x3a0028cf338739cc3be09037e51a4e227f292fba,$CHOG token,11,,
0x420e264581e09ed7cf0998d1083f3f834786a744,$CHOG token,11,,
0x6502c088cde946eb185c56ab906ff31567be1a47,$CHOG token,11,,
0xd21eb542e3b1466bbe545107b4aa8d61f490b873,$CHOG token,11,,
0x97b8aaf8b965fc9271dbbd47651cd8f0e0d1f75a,$CHOG token,11,,
0x1888BEEa9124dE7B49c8AEd147cEa0B66C00F6F0,$CHOG token,11,TEST,